﻿<?xml version="1.0" encoding="utf-8"?><meta xmlns:xsi="http://www.w3.org/2001/XMLSchema-instance" xmlns:xsd="http://www.w3.org/2001/XMLSchema"><project id="6IJA5AoDe1k" courseid="6QkhMkCsfZF_course_id" thumburl="story_content/thumbnail.jpg" title="OiLab" datepublished="2025-04-24T11:05:53" version="1.0.0.0" flashdata="story_content/data.swf" html5data="mobile/data.json" mobiledata="mobile/data.gz" enabledownload="false" duration="About 4 minutes" totalaudio="0" totalvideo="93964"><description>OiLab "Информатика" пәні және "Программалау" бөлімі бойынша оқушыларға арналған курс.</description><keywords /><slidemeta moniker="slide" monikerplural="slides" viewslides="35" slidecountdescription="35 slides" /><author name="Гульназ Ахметбек" email="" website="" /><application name="Articulate Storyline" version="3.20.30234.0" xmlversion="4.0" /></project></meta>